propertyascription,elaboration,,elaboration,
identification,identification,,identification,
elaboration,identification,,identification,
identification,identification,,identification,
elaboration,propertyascription,elaboration,,
identification,identification,,identification,
identification,identification,classascription,,
preparation,preparation,,preparation,
preparation,elaboration,,preparation,
elaboration,identification,other,,
identification,identification,,identification,
preparation,elaboration,,propertyascription,
preparation,identification,,identification,
elaboration,preparation,,identification,
elaboration,preparation,identification,,
identification,identification,classascription,,
preparation,propertyascription,,preparation,
identification,identification,propertyascription,,
propertyascription,identification,propertyascription,,
identification,propertyascription,,preparation,
propertyascription,propertyascription,,propertyascription,
preparation,preparation,,elaboration,
other,preparation,other,,
propertyascription,identification,,identification,
identification,identification,,identification,
identification,identification,,identification,
identification,identification,identification,,
elaboration,propertyascription,elaboration,,
preparation,propertyascription,elaboration,,
identification,identification,identification,,
preparation,identification,,preparation,
elaboration,preparation,,preparation,
identification,preparation,,propertyascription,
identification,identification,,identification,
propertyascription,propertyascription,classascription,,
identification,identification,classascription,,
,identification,identification,identification,
identification,identification,classascription,,
identification,identification,identification,,
identification,identification,,identification,
identification,elaboration,elaboration,,
identification,identification,,identification,
identification,propertyascription,identification,,
identification,identification,,identification,
identification,identification,identification,,
propertyascription,propertyascription,identification,,
identification,identification,,,identification
identification,identification,identification,,
propertyascription,elaboration,elaboration,,
identification,propertyascription,classascription,,
elaboration,identification,,identification,
propertyascription,propertyascription,,propertyascription,
identification,preparation,preparation,,
identification,identification,,identification,
,identification,identification,identification,
identification,identification,identification,,
identification,propertyascription,,,identification
identification,propertyascription,,identification,
identification,identification,,identification,
identification,elaboration,identification,,
identification,propertyascription,propertyascription,,
elaboration,identification,,other,
identification,identification,,preparation,
preparation,preparation,,preparation,
preparation,preparation,preparation,,
propertyascription,preparation,preparation,,
propertyascription,propertyascription,,preparation,
propertyascription,preparation,,,propertyascription
elaboration,preparation,,,propertyascription
preparation,propertyascription,propertyascription,,
identification,preparation,,identification,
propertyascription,propertyascription,,preparation,
propertyascription,elaboration,,identification,
identification,identification,,identification,
propertyascription,preparation,,preparation,
propertyascription,preparation,,preparation,
propertyascription,preparation,,preparation,
elaboration,preparation,,preparation,
elaboration,propertyascription,elaboration,,
,preparation,elaboration,preparation,
preparation,identification,elaboration,,
elaboration,elaboration,,elaboration,
propertyascription,preparation,,preparation,
elaboration,identification,identification,,
identification,identification,,identification,
identification,identification,propertyascription,,
identification,elaboration,propertyascription,,
other,classascription,,other,
identification,elaboration,propertyascription,,
identification,propertyascription,,propertyascription,
propertyascription,propertyascription,,elaboration,
propertyascription,identification,,identification,
preparation,elaboration,,preparation,
identification,identification,identification,,
preparation,propertyascription,propertyascription,,
identification,preparation,propertyascription,,
propertyascription,propertyascription,propertyascription,,
propertyascription,identification,,identification,
,propertyascription,propertyascription,classascription,
elaboration,preparation,,preparation,
