elaboration,elaboration,elaboration
classascription,classascription,identification
,elaboration,elaboration
preparation,preparation,preparation
identification,propertyascription,elaboration
identification,identification,identification
propertyascription,elaboration,propertyascription
elaboration,elaboration,elaboration
classascription,classascription,classascription
identification,preparation,identification
propertyascription,elaboration,identification
preparation,preparation,elaboration
identification,identification,classascription
elaboration,classascription,identification
propertyascription,classascription,preparation
propertyascription,propertyascription,identification
propertyascription,elaboration,identification
identification,elaboration,identification
propertyascription,propertyascription,preparation
propertyascription,classascription,elaboration
propertyascription,classascription,propertyascription
propertyascription,elaboration,identification
propertyascription,elaboration,elaboration
identification,,preparation
identification,other,other
identification,identification,
identification,elaboration,identification
propertyascription,elaboration,propertyascription
identification,elaboration,identification
identification,identification,identification
preparation,preparation,preparation
identification,propertyascription,identification
classascription,classascription,classascription
classascription,elaboration,identification
elaboration,classascription,classascription
classascription,classascription,classascription
identification,elaboration,propertyascription
elaboration,,elaboration
identification,propertyascription,identification
identification,elaboration,propertyascription
identification,identification,identification
identification,elaboration,propertyascription
elaboration,elaboration,elaboration
other,elaboration,other
identification,identification,identification
propertyascription,elaboration,elaboration
identification,other,identification
elaboration,other,propertyascription
identification,identification,identification
propertyascription,elaboration,identification
elaboration,elaboration,propertyascription
identification,identification,propertyascription
identification,elaboration,other
preparation,preparation,preparation
preparation,preparation,preparation
preparation,preparation,preparation
propertyascription,propertyascription,
preparation,preparation,preparation
preparation,preparation,preparation
preparation,preparation,preparation
preparation,preparation,preparation
preparation,preparation,preparation
identification,identification,identification
preparation,identification,elaboration
elaboration,elaboration,elaboration
preparation,preparation,preparation
preparation,preparation,preparation
preparation,preparation,elaboration
preparation,preparation,preparation
preparation,preparation,preparation
classascription,elaboration,classascription
identification,identification,identification
elaboration,propertyascription,preparation
identification,classascription,elaboration
propertyascription,propertyascription,identification
identification,identification,elaboration
identification,identification,identification
propertyascription,propertyascription,elaboration
identification,elaboration,identification
identification,propertyascription,identification
propertyascription,elaboration,propertyascription
identification,propertyascription,identification
propertyascription,elaboration,propertyascription
identification,classascription,identification
propertyascription,classascription,identification
propertyascription,elaboration,identification
,elaboration,identification
propertyascription,elaboration,identification
elaboration,elaboration,propertyascription
propertyascription,elaboration,identification
propertyascription,elaboration,other
propertyascription,propertyascription,identification
preparation,preparation,identification
preparation,preparation,preparation
